list	description	messages	threads	first_message	last_message	source_url
abernethy-reliability	Discussion on reliabiilty analysis code development and use	2	2	2014-01-02T13:31:57Z	2014-06-03T01:36:46Z	https://lists.r-forge.r-project.org/pipermail/abernethy-reliability/
adegenet-forum	Discussions about the adegenet package	1994	970	2008-02-15T16:53:12Z	2025-02-19T06:23:55Z	https://lists.r-forge.r-project.org/pipermail/adegenet-forum/
basta-users	For assistance running, debugging and understanding BaSTA analyses.	199	93	2011-11-01T09:11:55Z	2025-11-20T23:11:13Z	https://lists.r-forge.r-project.org/pipermail/basta-users/
batman-users	Use this one	15	8	2013-03-05T13:29:58Z	2015-06-15T09:10:35Z	https://lists.r-forge.r-project.org/pipermail/batman-users/
boostheaders-devel	General list for boostheaders topics	37	14	2013-02-03T16:02:37Z	2015-01-04T16:35:02Z	https://lists.r-forge.r-project.org/pipermail/boostheaders-devel/
catlearn-package	Email updates about the catlearn package	5	5	2018-02-27T23:31:22Z	2019-10-16T09:45:43Z	https://lists.r-forge.r-project.org/pipermail/catlearn-package/
chnosz-help	Help, bug reports and announcements	1	1	2011-08-24T04:41:29Z	2011-08-24T04:41:29Z	https://lists.r-forge.r-project.org/pipermail/chnosz-help/
cipsr-users	CIPS-R User Mailing List	6	6	2014-10-15T18:39:43Z	2015-03-03T22:01:50Z	https://lists.r-forge.r-project.org/pipermail/cipsr-users/
cran2deb-discuss	cran2deb discussion	1	1	2011-07-10T22:53:10Z	2011-07-10T22:53:10Z	https://lists.r-forge.r-project.org/pipermail/cran2deb-discuss/
ctsem-mail	Discussion of ctsem	1	1	2020-05-08T06:39:59Z	2020-05-08T06:39:59Z	https://lists.r-forge.r-project.org/pipermail/ctsem-mail/
datatable-help	Ask questions and discuss the data.table package.	3415	1143	2010-03-30T00:07:52Z	2018-04-14T17:07:41Z	https://lists.r-forge.r-project.org/pipermail/datatable-help/
diagnosismed-list	List for general purposes,	410	407	2008-10-24T02:33:37Z	2017-04-25T02:18:39Z	https://lists.r-forge.r-project.org/pipermail/diagnosismed-list/
dirichletreg-news	Information about new releases of DirichletReg	4	4	2012-04-03T14:47:31Z	2014-12-12T11:20:03Z	https://lists.r-forge.r-project.org/pipermail/dirichletreg-news/
distr-distr	sublist for package distr	1	1	2012-03-28T11:18:33Z	2012-03-28T11:18:33Z	https://lists.r-forge.r-project.org/pipermail/distr-distr/
eventstudies-discussion	Discussion related to the Event Studies package	11	3	2013-11-26T05:24:55Z	2014-08-16T11:44:48Z	https://lists.r-forge.r-project.org/pipermail/eventstudies-discussion/
expm-developers	All developers of the expm R-forge project	26	16	2009-02-19T17:36:28Z	2025-03-10T09:43:20Z	https://lists.r-forge.r-project.org/pipermail/expm-developers/
flr-list	FLR list for doubts & co.	539	148	2011-10-03T12:33:34Z	2019-04-24T12:31:17Z	https://lists.r-forge.r-project.org/pipermail/flr-list/
forensim-help	forensim mailing list	15	14	2011-11-01T15:55:01Z	2015-07-02T08:42:42Z	https://lists.r-forge.r-project.org/pipermail/forensim-help/
fresh-tor4	FRESH WG3 ToR4 communication	2	1	2009-10-07T08:06:54Z	2009-10-07T08:32:32Z	https://lists.r-forge.r-project.org/pipermail/fresh-tor4/
ftree-community	Community mailing list for FaultTree discussion	1	1	2017-05-17T13:53:19Z	2017-05-17T13:53:19Z	https://lists.r-forge.r-project.org/pipermail/ftree-community/
genabel-announce	List for announcements of new package releases	16	16	2013-08-25T22:38:13Z	2018-12-10T08:49:50Z	https://lists.r-forge.r-project.org/pipermail/genabel-announce/
genabel-devel	developers list	1350	530	2010-11-09T18:34:20Z	2018-12-10T08:49:50Z	https://lists.r-forge.r-project.org/pipermail/genabel-devel/
genoplotr-help	Help for genoPlotR	67	44	2010-06-03T08:27:00Z	2020-11-16T00:25:18Z	https://lists.r-forge.r-project.org/pipermail/genoplotr-help/
gsoc-dowd	porting Kevin Dowd's 'Measuring Market Risk'	19	8	2015-06-12T13:36:24Z	2015-09-10T06:43:17Z	https://lists.r-forge.r-project.org/pipermail/gsoc-dowd/
gsoc-porta	PortfolioAnalytics	273	61	2013-06-03T23:37:22Z	2014-08-14T22:15:57Z	https://lists.r-forge.r-project.org/pipermail/gsoc-porta/
gwidgets-questions	Mailing list for asking question on gWidgets	1	1	2013-03-11T13:16:32Z	2013-03-11T13:16:32Z	https://lists.r-forge.r-project.org/pipermail/gwidgets-questions/
hyperspec-help	hyperSpec's help mailing list	21	12	2009-12-16T09:41:52Z	2017-07-01T15:44:40Z	https://lists.r-forge.r-project.org/pipermail/hyperspec-help/
inlinedocs-support	support/bug/feature requests, general discussion	137	85	2009-11-30T18:32:57Z	2014-06-03T08:31:45Z	https://lists.r-forge.r-project.org/pipermail/inlinedocs-support/
ipmpack-users	For assistance running, debugging and understanding IPMpack analyses	69	56	2012-08-14T09:36:48Z	2019-05-31T12:38:52Z	https://lists.r-forge.r-project.org/pipermail/ipmpack-users/
listpackage-discuss	Announcements and discussion of the list package for R	27	17	2011-05-07T03:58:30Z	2017-03-24T08:40:46Z	https://lists.r-forge.r-project.org/pipermail/listpackage-discuss/
mailman	No description provided on R-Forge	2	2	2011-07-13T14:32:14Z	2011-09-12T02:16:03Z	https://lists.r-forge.r-project.org/pipermail/mailman/
mediation-information	Post questions to the list and get updates on use of mediation software	158	92	2011-05-02T13:55:12Z	2021-01-07T13:02:46Z	https://lists.r-forge.r-project.org/pipermail/mediation-information/
metrology-devel	metRology developer mailing list at R-forge	3	3	2011-04-08T23:22:21Z	2011-04-19T23:53:17Z	https://lists.r-forge.r-project.org/pipermail/metrology-devel/
monetr-users	MonetDB.R users list	34	27	2013-07-11T16:43:32Z	2015-11-25T12:54:48Z	https://lists.r-forge.r-project.org/pipermail/monetr-users/
mvabund-faqs	FAQs about mvabund	1	1	2013-07-10T05:10:49Z	2013-07-10T05:10:49Z	https://lists.r-forge.r-project.org/pipermail/mvabund-faqs/
mvabund-updates	Notification about mvabund updates	4	4	2012-11-24T14:17:42Z	2013-06-27T06:42:48Z	https://lists.r-forge.r-project.org/pipermail/mvabund-updates/
nmf-user	Help, news and discussion about the NMF package	61	33	2011-11-23T10:53:41Z	2020-07-01T17:03:16Z	https://lists.r-forge.r-project.org/pipermail/nmf-user/
nmof-news	News about 'Numerical Methods and Optimization in Finance'	115	115	2011-06-20T06:04:08Z	2025-10-21T05:47:15Z	https://lists.r-forge.r-project.org/pipermail/nmof-news/
orchestra-users	maestros: users of the orchestra package	2	1	2009-08-17T10:09:44Z	2009-08-17T10:15:57Z	https://lists.r-forge.r-project.org/pipermail/orchestra-users/
phenopix-developers	The list of developers of the package phenopix	2	2	2014-11-03T14:25:21Z	2015-09-01T11:10:30Z	https://lists.r-forge.r-project.org/pipermail/phenopix-developers/
phylobase-devl	phylobase development discussion	724	206	2008-02-02T19:25:44Z	2014-04-16T21:30:45Z	https://lists.r-forge.r-project.org/pipermail/phylobase-devl/
picante-devel	Picante developer list	13	5	2008-05-24T02:21:19Z	2008-11-22T16:51:26Z	https://lists.r-forge.r-project.org/pipermail/picante-devel/
pomp-announce	Announcements relating to the pomp package.	32	31	2010-05-23T15:16:17Z	2015-07-28T11:18:17Z	https://lists.r-forge.r-project.org/pipermail/pomp-announce/
qtinterfaces-devel	Discussion forum for developers	349	89	2009-09-16T11:15:16Z	2014-05-23T20:15:13Z	https://lists.r-forge.r-project.org/pipermail/qtinterfaces-devel/
r-forge-testing-testing	No info here. Just testing & more testing, if needed.	5	3	2019-08-19T08:03:33Z	2019-08-22T09:45:16Z	https://lists.r-forge.r-project.org/pipermail/r-forge-testing-testing/
r-gregmisc-devel	Developer mailing list for r-gregmisc	2	2	2015-05-29T17:39:12Z	2015-06-18T11:26:05Z	https://lists.r-forge.r-project.org/pipermail/r-gregmisc-devel/
r-marketing-bugs	Report bugs for Chapman & Feit R for Marketing code	14	8	2015-02-12T16:42:43Z	2020-10-29T23:54:59Z	https://lists.r-forge.r-project.org/pipermail/r-marketing-bugs/
rangemapper-news	No description provided on R-Forge	1	1	2010-09-27T08:32:50Z	2010-09-27T08:32:50Z	https://lists.r-forge.r-project.org/pipermail/rangemapper-news/
rcicr-users	Mailing list for users of rcicr. For questions and feedback.	48	22	2014-10-03T07:39:26Z	2019-03-27T17:27:12Z	https://lists.r-forge.r-project.org/pipermail/rcicr-users/
rcppoctave-user	General user or development questions	133	29	2013-10-04T19:08:08Z	2016-11-19T07:49:15Z	https://lists.r-forge.r-project.org/pipermail/rcppoctave-user/
reddyproc-users	General information about usage and problems with the REddyProc package	51	30	2013-07-01T14:52:59Z	2019-11-22T14:26:33Z	https://lists.r-forge.r-project.org/pipermail/reddyproc-users/
remoterengine-devel	Development	35	18	2009-08-14T14:13:10Z	2009-10-28T11:32:21Z	https://lists.r-forge.r-project.org/pipermail/remoterengine-devel/
repitools-help	Ask questions regarding how to use the Repitools package	8	6	2010-04-13T23:30:18Z	2016-04-13T09:19:22Z	https://lists.r-forge.r-project.org/pipermail/repitools-help/
rgeos-devel	List for discussion of R/GEOS interface features	3	2	2010-05-02T17:32:22Z	2020-02-24T20:31:38Z	https://lists.r-forge.r-project.org/pipermail/rgeos-devel/
riskassessment-news	News from the fitdistrplus and mc2d R packages	6	5	2011-11-15T15:29:16Z	2021-04-08T12:37:30Z	https://lists.r-forge.r-project.org/pipermail/riskassessment-news/
rnomads-user	Announcements, feature requests, and help using rNOMADS	198	124	2014-09-03T12:23:04Z	2023-04-29T13:17:57Z	https://lists.r-forge.r-project.org/pipermail/rnomads-user/
robustbase-authors	all the developers / authors of robustbase	1	1	2013-11-13T18:06:56Z	2013-11-13T18:06:56Z	https://lists.r-forge.r-project.org/pipermail/robustbase-authors/
roxygen-devel	Roxygen design and development	469	176	2008-05-16T12:26:56Z	2015-08-25T13:08:18Z	https://lists.r-forge.r-project.org/pipermail/roxygen-devel/
rphree-general	All topics about early release Rphree (devel, docs, help)	3	2	2014-06-02T14:21:25Z	2014-06-03T12:00:22Z	https://lists.r-forge.r-project.org/pipermail/rphree-general/
rprotobuf-yada	General discussion on the rprotobuf package	237	76	2009-10-27T16:44:50Z	2016-10-29T14:39:25Z	https://lists.r-forge.r-project.org/pipermail/rprotobuf-yada/
rquantlib-devel	RQuantLib development	75	25	2010-02-18T19:46:53Z	2017-02-22T13:09:28Z	https://lists.r-forge.r-project.org/pipermail/rquantlib-devel/
rserlang-develop	discussions development	1	1	2010-10-14T02:24:01Z	2010-10-14T02:24:01Z	https://lists.r-forge.r-project.org/pipermail/rserlang-develop/
rsiena-help	General help with RSiena programming	354	158	2010-02-15T11:39:45Z	2019-05-13T14:59:47Z	https://lists.r-forge.r-project.org/pipermail/rsiena-help/
rspatial-devel	Development list for rspatial	107	45	2011-04-01T07:05:06Z	2015-12-07T16:57:59Z	https://lists.r-forge.r-project.org/pipermail/rspatial-devel/
sciviews-help	Help on SciViews	5	4	2009-06-17T11:35:54Z	2010-08-13T14:25:39Z	https://lists.r-forge.r-project.org/pipermail/sciviews-help/
sciviews-news	New SciViews versions	3	3	2009-06-17T11:35:45Z	2009-06-29T07:03:34Z	https://lists.r-forge.r-project.org/pipermail/sciviews-news/
seqinr-forum	Discussions about the seqinR package	296	174	2008-07-28T13:15:22Z	2023-03-24T12:55:15Z	https://lists.r-forge.r-project.org/pipermail/seqinr-forum/
simsalabim-communicate	Communication on implementation issues	4	4	2008-10-22T21:51:18Z	2008-11-05T16:32:19Z	https://lists.r-forge.r-project.org/pipermail/simsalabim-communicate/
sorvi-admin	General administration list for soRvi development and outreach	300	210	2011-11-25T09:32:25Z	2021-11-22T23:27:31Z	https://lists.r-forge.r-project.org/pipermail/sorvi-admin/
spdep-devel	Development list for spdep	4	3	2010-05-03T13:23:02Z	2017-03-03T20:17:11Z	https://lists.r-forge.r-project.org/pipermail/spdep-devel/
sprint-developer	SPRINT Developer's mailing list	5	5	2013-05-06T10:22:59Z	2013-08-23T16:11:42Z	https://lists.r-forge.r-project.org/pipermail/sprint-developer/
sprint-user	SPRINT user mailing list	3	3	2013-05-09T15:58:32Z	2013-05-09T16:28:12Z	https://lists.r-forge.r-project.org/pipermail/sprint-user/
synbreed-news	News for package synbreed	4	4	2010-07-02T05:49:22Z	2012-01-05T04:33:37Z	https://lists.r-forge.r-project.org/pipermail/synbreed-news/
tikzdevice-bugs	List for discussing bugs	268	106	2009-07-19T00:48:21Z	2013-11-24T09:52:26Z	https://lists.r-forge.r-project.org/pipermail/tikzdevice-bugs/
tlocoh-info	Information and announcements about T-LoCoH	105	54	2013-09-30T12:56:10Z	2021-05-31T00:05:13Z	https://lists.r-forge.r-project.org/pipermail/tlocoh-info/
traminer-users	Users questions	383	179	2010-05-05T08:43:50Z	2023-07-12T08:56:01Z	https://lists.r-forge.r-project.org/pipermail/traminer-users/
travelr-announce	Announcements related to the TravelR project	5	5	2010-05-04T01:38:24Z	2010-08-27T23:36:29Z	https://lists.r-forge.r-project.org/pipermail/travelr-announce/
travelr-discussion	Discussion of Travel Demand Modeling in R	1	1	2010-08-31T23:00:15Z	2010-08-31T23:00:15Z	https://lists.r-forge.r-project.org/pipermail/travelr-discussion/
uhcluster-members	Update of programs and template documents	8	8	2009-03-05T18:25:54Z	2009-07-24T13:19:24Z	https://lists.r-forge.r-project.org/pipermail/uhcluster-members/
viennar-meetup	Vienna<-R Mettup Mailing List	10	10	2018-10-25T12:58:52Z	2020-04-18T18:04:01Z	https://lists.r-forge.r-project.org/pipermail/viennar-meetup/
yuima-wishlist	Post your wishes for future enhancements of the yuima package here	1	1	2011-08-24T14:02:56Z	2011-08-24T14:02:56Z	https://lists.r-forge.r-project.org/pipermail/yuima-wishlist/
zipfr-users	Discussions and help for users of the zipfR package	5	5	2010-01-16T17:44:20Z	2018-05-15T14:31:09Z	https://lists.r-forge.r-project.org/pipermail/zipfr-users/
